motion,num_turns,prop_model,opp_model,judge_model,prop_architecture,opp_architecture,winner,reason_for_decision,prop_total_score,opp_total_score,prop_1_score,opp_1_score,prop_2_score,opp_2_score,prop_3_score,opp_3_score,prop_1_speech,opp_1_speech,prop_2_speech,opp_2_speech,prop_3_speech,opp_3_speech
This house would make voting mandatory,1,gpt-4o-mini,gpt-4o-mini,o3,enhanced,baseline,Opposition," 1. Argumentation & Analysis • Proposition Speaker 1 supplies two main mechanisms: (a) compulsion nudges citizens to inform themselves and (b) broader turnout forces politicians toward centrist, representative policy.  Both links are asserted more than explained.  Little detail is given on how penalties actually translate into substantive learning or on why politicians do not simply re-target different swing groups. • Opposition Speaker 1 attacks both mechanisms.  They give plausible behavioural analysis (coercion breeds resentment and superficial compliance), raise the alternative of voluntary education, and warn of populist pandering and administrative cost.  While also somewhat assertion-heavy, this analysis directly undercuts the central Proposition links and adds a competing principle of individual liberty. 2. Engagement & Rebuttal • Opposition explicitly answers every major Proposition claim: civic engagement, representativeness, and policy quality.  Proposition, having spoken first, offers no reply to these rebuttals (and cannot, given the transcript).  Thus those rebuttals stand. • Opposition introduces new material (freedom, implementation cost) that is uncontested and therefore taken as true. 3. Impact Weighing • Proposition’s positive impacts (higher quality democracy, better policy) are left speculative after Opposition shows they may be illusory or even negative. • Opposition’s impacts—violation of freedom, increased resentment, risk of lower vote quality, misallocation of resources—survive unchallenged and are therefore decisive.  On balance, the net effect of mandatory voting appears harmful or at best unproven. 4. Role Fulfilment & Clarity Both first speakers perform their roles adequately and are clear.  Absent speeches from seconds and thirds are awarded the minimum (50) for non-participation. With slightly stronger rebuttal and surviving impacts, Opposition edges out Proposition in cumulative speaker points (175 vs 173) and therefore wins the debate.",173,175,73,75,50,50,50,50,"Ladies and gentlemen, esteemed judges, and honorable opponents,

Picture a world where every voice carries weight, where the misgivings of the past are transformed into the hopeful engagement of the present—a world where voting is not merely a right but a fundamental duty that binds us in our democracy. Today, I stand before you to advocate for the proposition that this house should make voting mandatory. In a landscape rife with disillusionment and disengagement, it's time we empower our citizens and enhance our democracy through active participation.

Now, let’s delve into the crux of our debate. 

On their first clash about civic engagement, my opponents argue that making voting mandatory could foster resentment among those who feel coerced. However, I invite you to consider the status quo: millions already reside in apathy, their civic responsibilities unmet out of indifference. By mandating voting, we lay the groundwork for a societal norm where participation is not optional; it becomes an expectation. This creates an environment in which citizens are encouraged to educate themselves on the candidates and issues at hand, ultimately leading to a more informed electorate. It’s not mere obligation—it's an invitation to join a conversation about our collective future.

Moving to the argument about the representative nature of our governance, my opponents assert that mandatory voting would dilute dissenting voices. They fear it would lead to uninformed votes. But let me remind you that uninformed citizens are already a reality in a system where only the engaged have a say. Through mandatory voting, we compel all eligible citizens to participate, thereby ensuring that the diverse fabric of our society is reflected in our elected bodies. This isn't about stifling dissent; it's about amplifying the chorus of voices that make up our nation.

Now, let’s explore the impact of mandatory voting on policy outcomes. On their final point regarding political catering to specific demographics, my opponents argue that compulsory voting might not resolve the issue of partisanship. However, the evidence is clear: when the electorate broadens, politicians are compelled to appeal not just to their base, but to all voters. This shift can lead to policies that are less partisan and more representative of the public's needs. An example can be seen in countries like Australia, where mandatory voting results in higher representation across the political spectrum, leading to more effective governance.

Now, let’s break down the key pillars of why mandatory voting is a necessary step toward a healthier democracy.

**Contention 1: Enhancing Civic Engagement**  
**Tagline: Empowering Citizens through Active Participation.**  
Many citizens feel disconnected from politics. By making voting mandatory, we create a societal norm that encourages reflection on civic responsibility. A higher turnout not only fosters attributes of leadership and activism but equips citizens with the knowledge and skills necessary for thoughtful participation in governance. When people participate, our democracy becomes vibrant and reflective of the values we hold dear.

Further, voter apathy is a pressing concern in democracies worldwide. By implementing mandatory voting, we provide a strong incentive for individuals to educate themselves on candidates and issues to avoid penalties. An electorate that is engaged and informed can better navigate the complexities of political decisions, resulting in policies that genuinely cater to public needs.

Moreover, marginalized groups often face barriers to voting. By adopting mandatory voting laws while simultaneously making voting more accessible, we promote inclusivity. A truly representative democracy can only thrive when all demographics find their voice heard, reinforcing equality as a cornerstone of our society.

**Contention 2: Improving Policy Outcomes**  
**Tagline: Ensuring Governance Reflects the Will of the People.**  
Low voter turnout skews election results toward certain demographics. Mandatory voting compels a broader participation base, ensuring that representatives address a wider array of societal issues. The result? Policies that don’t just reflect the desires of a select few but resonate with the collective community, improving the relevance of our governance.

Additionally, elections tend to reflect the voices of the most engaged constituents. With every eligible citizen required to vote, we gain a political landscape that is more responsive to the actual needs and desires of the entire population.

Finally, mandatory voting incentivizes politicians to cater to the interests of a broader electorate. This shift can mitigate the divide entrenched in partisan politics, leading to more bipartisan support on crucial issues. The result? Effective, stable governance that thrives on cooperation rather than contention.

In conclusion, making voting mandatory is not just about increasing numbers at the polls; it’s about enriching our democracy and reinforcing the vital connection between citizens and their government. We have the opportunity to empower our electorate, enhance civic engagement, and foster a political landscape that is inclusive and representative. The choice is clear: let’s embrace mandatory voting and step toward a more connected and engaged democracy.

Thank you.","The proposition for mandatory voting paints an enticing vision of democracy enriched by higher participation, but it overlooks critical pitfalls and unintended consequences of enforcing such a policy. Today, I will outline why making voting mandatory could undermine democratic engagement, infringe upon personal freedoms, and ultimately lead to less informed decision-making in our political landscape.

First, let’s dissect the claims made by the First Proposition speaker with an emphasis on the implications of mandatory voting on civic engagement. The proposition imagines a world where citizens will relish their newfound obligation to vote, leading to an informed electorate. However, this fails to acknowledge a fundamental aspect of human behavior: obligation can breed resentment, apathy, and superficial engagement rather than genuine interest or participation. Many citizens already feel disillusioned and disconnected from the political climate; mandating voting could exacerbate this disillusionment. When individuals are coerced to vote, they may do so under duress rather than personal conviction, leading to an electorate that casts votes without genuine interest or understanding. This superficial participation is less likely to cultivate informed citizens; instead, it risks a populace motivated merely by the fear of financial penalties or other repercussions.

Additionally, the argument that mandatory voting would lead to greater civic responsibility overlooks a vital point: civic engagement should be a choice, not a mandate. The act of voting is deeply personal and reflects one’s values and beliefs. Forcing citizens into the ballot box could undermine the very essence of democratic choice, as some individuals may feel compelled to vote against their convictions or abstain entirely from engaging with the electoral process. This could further entrench feelings of powerlessness and alienation, particularly among marginalized communities who might already be disenfranchised by systemic barriers to genuine participation. Rather than creating a vibrant democratic culture, mandatory voting could lead to a society where people participate out of obligation rather than passion or belief in the process.

Next, let's evaluate the proposition’s reliance on the assumption that mandatory voting will produce an electorate that truly reflects the diverse fabric of society. It is critical to address the claim that this approach will amplify voices that are currently marginalized. The reality is that forced participation does not necessarily equate to thoughtful representation. If individuals are disengaged or uninformed, they may cast votes based on misinformation, social pressure, or nominal influences rather than carefully considering the issues at stake. This could manifest as a distortion of the democratic process, where the quality of votes diminishes because individuals lack true engagement with the political landscape. Instead of cultivating an informed citizenry, mandatory voting could increase the number of votes that lack authenticity and meaningful consideration.

Opponents of this motion worry about the potential for ""uninformed votes,"" but what the proposition fails to grasp is that mandatory voting may indeed worsen this dynamic. A more informed and thoughtful electorate can only be built through voluntary participation, where individuals feel inspired to seek out information and engage deeply with the political landscape. Instead of mandating participation, we should focus on encouraging voter education and grassroots initiatives that promote awareness and understanding of the political process. Encouraging citizens to value their involvement through education, rather than enforcing voting through penalties, is the key to creating a robust democracy.

The proposition also posits that mandatory voting could improve policy outcomes by compelling politicians to appeal to a broader electorate. Yet, we must scrutinize this claim. While it is true that increased voter turnout can shift political dynamics, the basis of valuing more votes can set a dangerous precedent. If politicians are incentivized solely by the need to secure the largest number of votes rather than representing their constituents' interests, we risk a scenario where the political discourse is driven by populism rather than effective governance. Politicians may begin to cater to emotions or fear rather than rational discourse, leading to policies that are less about the needs of the populace and more about securing immediate electoral gains.

Moreover, we must acknowledge the practical challenges of implementing mandatory voting. The infrastructure required to track and penalize non-participants could place significant burdens on local and federal election systems. In countries with mandatory voting, such as Australia, extensive resources are already allocated to ensuring compliance, rather than enhancing voting accessibility or promoting genuine civic education. Mandatory voting could drain resources away from initiatives aimed at increasing voter engagement and improving electoral processes. Instead of penalizing those who do not vote, efforts should be directed towards creating an environment where citizens feel empowered, informed, and motivated to act.

In this time of diminishing trust in governmental systems, the notion of mandatory voting could be seen as a governmental overreach—an infringement upon individual freedoms and the autonomy to choose whether to engage in political affairs. Political philosophy posits that the absence of participation should be a personal decision influenced by knowledge and belief rather than an imposition from the state. Democratic societies are characterized by the freedom to participate or abstain; this freedom is essential for fostering political diversity and ideological pluralism.

In conclusion, while the vision of a more active and engaged electorate is undoubtedly appealing, making voting mandatory is a misguided solution that could stifle genuine democratic engagement, suppress personal freedoms, and degrade the quality of political participation. Rather than imposing obligations on citizens, we should foster a culture of voluntary participation driven by education and empowerment. Our goal should be to cultivate a democracy where each citizen feels a vested interest to be engaged in the political process of their own volition—not as a function of compulsion but as a choice made with informed conviction. Let us focus on removing barriers to participation and enhancing civic education, thereby creating an environment that encourages thoughtful engagement rather than mere compliance.

Mandatory voting does not strengthen democracy; it threatens to undermine it. Thank you.",,,,
This house would make voting mandatory,1,gpt-4o-mini,gpt-4o-mini,o3,enhanced,baseline,Opposition," 1. Argumentation & Analysis • Proposition 1 gives three clear benefits—moral duty, fairer representation, and a more informed electorate. The first two are logically linked and illustrated with Australia; the third is largely asserted (“people will educate themselves once forced to vote”) and left un-proven. • Opposition 1 directly attacks every benefit. They offer mechanisms for why coercion can back-fire (random voting, resentment, heavier penalties on the poor) and add three independent harms (loss of agency, administrative cost, and deeper mistrust). These mechanisms are at least as plausible as those of the proposition and, crucially, are not answered because no later proposition speech exists. 2. Engagement & Rebuttal • Opposition addresses every major proposition premise; none of those rebuttals are replied to, so under the Silence Rule they stand. • Proposition, being first, had no rebuttal burden. 3. Impact Weighing • With opposition rebuttal standing, the claimed benefits of “more informed voters” and “stronger trust” are substantially weakened. • Opposition’s conceded harms—penalising the vulnerable, random/ill-informed ballots, and erosion of voluntary civic spirit—now dominate the debate. On balance these impacts appear more immediate and negative than the residual, partly-contested benefits suggested by Proposition. 4. Role Fulfilment & Clarity Both first speakers fulfil their basic roles and are clear. Absent later speeches are automatically marked non-functional (minimum 50) as no material was presented. Because Opposition wins the clash in analysis and those arguments go uncontested, they edge the debate despite the narrow numerical margin created by absent later speeches.",176,178,76,78,50,50,50,50,"The essence of a thriving democracy lies not just in the right to vote, but in the responsibility that accompanies it. By making voting mandatory, we elevate civic engagement and ensure that the voices of the many, not just the few, shape our collective destiny. Today, I will substantiate why enforcing compulsory voting is a moral imperative, enhances democratic representation, and fosters an informed and engaged citizenry.

To clarify what this motion entails, mandatory voting means that all eligible citizens are required to participate in elections, with penalties for noncompliance. However, this does not mean that individuals will be coerced to vote for specific candidates or policies; rather, they will be empowered to express their choices. It is essential to understand that we are advocating for a system designed to enhance, not hinder, civic participation. The burden of proof lies in demonstrating how compulsory voting can overcome apathetic voter turnout and contribute to a more robust democracy.

The first argument is centered around the moral obligation we have as citizens in a democratic society. 

**Premise:** Civic duties are intrinsic to the social contract we enter when participating in a democratic system. 

**Mechanism:** When we bypass our responsibility to vote, we not only neglect our duty but also undermine the very fabric of our democracy. Mandatory voting reinforces the idea that every individual's voice holds value. Just as we are obligated to perform other civic duties, like serving on juries or paying taxes, voting is a fundamental aspect of our civil engagement. Mandatory voting acts as a beacon that encourages individuals to act not only in their self-interest but also in the interest of their communities. Countries like Australia, where voting is compulsory, see a strong sense of civic pride and responsibility among their citizens, fostering a culture where voting is not viewed as a chore but as an essential civic duty.

**Impact:** The moral imperative for mandatory voting extends beyond individual responsibility; it cultivates a sense of belonging and community. When citizens recognize their role in shaping the government, they develop a deeper connection to the political landscape. This connection can lead to higher levels of trust in government institutions, which are often plagued by apathy and disillusionment. By ensuring that everyone participates, we can reduce the divide that often exists between the public and the political sphere.

Moreover, mandatory voting can lead to a more comprehensive representation of society. 

**Premise:** The current voluntary voting system disproportionately favors certain demographics, leading to skewed representation.

**Mechanism:** In many regions, those who abstain from voting tend to belong to marginalized communities – young people, low-income families, and racial minorities. When voting is compulsory, barriers that typically deter these groups from participating are mitigated. For example, when the Australian government enacted compulsory voting in 1924, electoral turnout increased significantly, engaging previously disenfranchised groups. A legal obligation to vote compels governments to consider the needs and interests of all citizens rather than just those who are most likely to vote. Additionally, comprehensive voting can lead to policies that better reflect the diverse interests of the populace – promoting equality, social justice, and access to resources.

**Impact:** Improved representation culminates in government policies that address the needs of various societal groups, leading to a more equitable distribution of resources. It promotes social justice, as legislators are compelled to consider the perspectives of previously overlooked segments of society. A government that truly represents its citizens is more likely to foster cohesion and stability, as citizens feel that their voices matter and their interests are taken into account.

The third, and equally important, argument revolves around the cultivation of an informed and engaged populace.

**Premise:** Mandatory voting necessitates a baseline level of political awareness among citizens.

**Mechanism:** When voting is mandatory, the responsibility to prepare and educate oneself about candidates and policies becomes more pronounced. Citizens are incentivized to become informed about political issues, fostering a culture of awareness and engagement. This means that not only do more people participate, but they also approach their voting decision with a deeper understanding of what is at stake. Countries like Belgium, which also enforces compulsory voting, demonstrate heightened political discourse in civil society, with citizens regularly engaging in political discussions and debates in the lead-up to elections. With a population more attuned to political realities, candidates and parties must also elevate their platforms, ensuring that they address the complex and diverse needs of their constituents.

**Impact:** An informed electorate is crucial for the health of democracy. With increased awareness of policies and candidates, the voting outcomes are likely to reflect the interests of an engaged public rather than being swayed by misinformation or populist rhetoric. This creates a self-reinforcing cycle: as citizens become more knowledgeable, they demand better governance, leading to higher standards in public service and more effective policy decisions.

In conclusion, making voting mandatory is not merely an administrative change; it is a moral necessity that fosters civic responsibility, enhances democratic representation, and cultivates an informed citizenry. The implications of adopting compulsory voting extend far beyond the ballot box, contributing to stronger democracies rooted in equity, social responsibility, and public engagement. Our democracy could thrive, not merely survive, with a populace that understands and embraces its role in shaping the future.","The proposition argues for mandatory voting as a moral imperative that would enhance democratic representation and cultivate an engaged citizenry. While their intentions may be noble, the implementation of compulsory voting is fraught with significant challenges and consequences that undermine the very principles of democracy that the proposition seeks to uphold.

### Rebuttal of Proposition Arguments

**Moral Responsibility and Civic Duty**

The proposition asserts that mandatory voting reinforces the moral obligation of citizens to participate in democracy. However, the premise that civic duties should be enforced strips individual agency and further complicates the relationship between citizens and their government. While civic engagement is indeed important, coercion through mandatory voting distorts the essence of voluntary participation in a democratic society. Individuals should feel compelled to vote based on informed choice and personal conviction, not fear of punitive measures. 

Mandating participation could lead to disenfranchisement and resentment among citizens who are either uninterested or unprepared to vote. Forcing individuals to participate in something they may not care for or understand can lead to uninformed or random voting decisions, ultimately skewing election outcomes rather than enriching them.

**Democratic Representation**

The proposition suggests that compulsory voting corrects skewed representation by involving marginalized communities. While it is true that many disenfranchised groups do not participate in elections, mandatory voting does not automatically address the roots of their disengagement, such as systemic barriers, socioeconomic challenges, and mistrust in the political system. Simply requiring people to vote will not remedy the complex social, economic, and historical contexts that shape their political participation.

Moreover, the assumption that compulsory voting will lead to better representation negates the fundamental principle that democratic legitimacy arises from voluntary engagement. Participation should be based on an individual's desire to voice their concerns and opinions. To mandate participation in a flawed system will fundamentally undermine the ethos upon which democracies are built. 

**Informed Electorate**

While the proposition argues that mandatory voting fosters a more informed populace, the assumption is both naive and presumptuous. Coercion does not create informed citizens; rather, it can cultivate apathetic voters who cast ballots without understanding the candidates or issues at stake. An engaged and educated electorate results from civic education and voluntary participation, not from the threat of penalties imposed by the state.

Furthermore, mandatory voting can dilute the quality of political discourse. If citizens are compelled to participate without adequate education or understanding, elections can devolve into popularity contests or be swayed by sensationalism, undermining the quality of democracy. A lower standard of political engagement, where the focus shifts from genuine interest to mere compliance, has the potential to harm informed deliberation.

### Arguments for the Opposition

**1. The Value of Voluntary Participation**

At the core of democratic principles is the notion of choice. A democracy thrives when individuals are free to engage in the political process as they see fit, based on their beliefs and understanding. Voluntary participation encourages citizens to take ownership of their political voice, leading to a more genuine and passionate engagement.

When people choose to vote, they do so out of a sense of agency and responsibility, fostering a culture of civic engagement that is organic, meaningful, and fulfilling. While turnout rates may appear low, numerous studies show that those who vote voluntarily tend to be more informed and engaged than those compelled to do so. By emphasizing choice, we empower citizens to actively participate in shaping their society rather than simply complying with an obligation imposed by the state.

**2. Encouraging Genuine Civic Engagement**

Contrary to the proposition's belief that mandatory voting bolsters civic engagement, it risks creating a culture of apathy and disconnection from the political process. When individuals are coerced into voting, the intrinsic motivation to engage and advocate for change may wane. Instead of fostering lively political discourse and active participation, compulsory voting can lead to disillusionment and withdrawal from meaningful civic involvement.

Civic engagement should be driven by voluntary initiatives, grassroots movements, and education. By focusing on the quality of participation rather than on the quantity of votes cast, we can foster a healthier political culture where individuals are genuinely invested in the democratic process. Empowering citizens through education and opportunities for engagement is far more effective than imposing penalties for nonparticipation.

**3. Potential Burdens on Vulnerable Populations**

Making voting mandatory presents practical challenges, particularly for marginalized individuals who already face systemic barriers. These groups often encounter difficulties such as limited resources, lack of transportation, or inflexible work schedules that hinder their ability to vote, and imposing mandates without addressing these challenges only exacerbates existing inequities. 

Additionally, the prospect of penalties for noncompliance could deter those who are already disenfranchised. The threat of fines or legal repercussions may lead to further alienation, breeding a deep-seated mistrust in the political system. Rather than addressing the root causes of disengagement, mandatory voting may entrench social divides, pushing marginalized groups further away from political participation.

**4. Administrative Challenges and Inefficiencies**

Implementing a mandatory voting system poses significant logistical challenges. The costs associated with enforcing compliance and maintaining voter registration could strain resources that might otherwise be better used to support civic education and engagement initiatives. There is a real risk of creating an overextended bureaucracy focused more on enforcing compliance than on facilitating genuine political engagement.

Moreover, the potential for increased voter fraud or challenges related to verifying compliance could undermine public trust in the electoral process. Ensuring fair and transparent elections is a delicate balance that can be easily disrupted by the rigid structures necessitated by compulsory voting.

**5. Focus on Civic Education Instead of Coercion**

The opposition maintains that promoting voter education, awareness campaigns, and grassroots initiatives is a far more effective means of increasing civic engagement than imposing mandatory voting. Education empowers individuals to make informed choices and fosters a culture of active participation.

Investing in comprehensive civic education would yield a far-reaching impact, equipping citizens with critical thinking skills and a deeper understanding of their responsibilities within a democracy. Enabling individuals to make informed decisions based on their interests and beliefs strengthens democracy far more than coercion ever could.

### Conclusion

While the proposition raises points about enhancing democracy through mandatory voting, we must prioritize the value of individual agency, voluntary participation, and genuine civic engagement. Democracy flourishes when citizens are empowered to exercise their rights willingly, not through compulsion. 

Rather than forcing participation, we should work to create a political culture that values informed choice and active engagement. Our focus should be on addressing the systemic barriers that prevent participation and enhancing civic education, ensuring that every citizen feels motivated and capable of exercising their rights. The essence of democracy lies in the freedom of choice; let us not forget that fundamental tenet as we consider the implications of mandatory voting.",,,,
This house would make voting mandatory,1,gpt-4o-mini,gpt-4o-mini,o3,enhanced,baseline,Opposition," 1. Identification and Filtering of Claims • Proposition puts forward two main mechanisms: (a) compulsory voting normalises civic duty and therefore raises political engagement; (b) wider turnout produces more representative and therefore better policy. • Opposition advances three key claims: (a) compulsory voting violates individual autonomy and breeds resentment; (b) forcing the disengaged to the polls yields low-information ballots, lowering decision quality; (c) practical barriers (ID, registration) mean compulsion risks further marginalising minorities. 2. Clash and Truth Testing • Engagement quality: Opposition directly answers both of Proposition’s mechanisms. They argue that engagement born of coercion is illusory and that representation may in fact worsen where ballots are random or barriers persist. These rebuttals go unreplied to (Silence Rule) because Proposition has no later speech. • Proposition’s pre-emptive rebuttal (“education programs will fix ignorance and barriers”) is asserted rather than demonstrated; Opposition challenges its feasibility and therefore leaves it speculative. • On autonomy, Proposition offers no counter-analysis after Opposition’s speech, so the violation of freedom stands as a net harm. • On minority disenfranchisement, Proposition had claimed the opposite, but Opposition explains infrastructure gaps and unequal enforcement. With no further defence from Proposition, Opposition’s version prevails. 3. Impact Weighing • Proposition’s positive impact (better policy, stronger democracy) is now doubtful because its causal links are undercut and no numerical or moral scale is provided. • Opposition’s harms—loss of freedom, voter resentment, potential skew against minorities—remain standing and are intuitively significant. As an Ordinary Intelligent Voter, these unrebutted harms outweigh the uncertain benefits forecast by Proposition. 4. Speaker Assessment • Proposition 1 is clear, sets the debate and offers plausible mechanisms, but relies heavily on assertion and lacks depth of comparative analysis. (75) • Opposition 1 provides direct, structured rebuttal, supplies alternative causal stories and shows some comparative weighing. Some claims (e.g., Scandinavian examples) are asserted rather than evidenced, preventing an even higher score. (78) • No further speeches are supplied, so remaining speakers are treated as no-shows and receive the minimum functional score (50) under the rubric. 5. Mathematical Outcome • Proposition total = 75 + 50 + 50 = 175 • Opposition total = 78 + 50 + 50 = 178 Because Opposition’s cumulative score is higher, Opposition wins.",175,178,75,78,50,50,50,50,"**Introduction:**

Ladies and gentlemen, esteemed judges, and fellow debaters, today we stand at a pivotal juncture in the evolution of our democratic processes. Imagine a world where each eligible citizen is not just a passive observer of politics, but an active participant; a world where their voice truly echoes in the halls of power. Today, I represent the proposition that this house would make voting mandatory. It is time for us to take a bold step towards fostering a truly representative democracy, enhancing civic engagement, and improving policy outcomes for the benefit of all.

**Rebuttal Section:**

Now, let's address some key contentions from the opposition. On their first clash about the potential disenfranchisement of voters—this argument misses the essence of our proposal. Compulsory voting will not mean coercing disengaged citizens into the process without support; instead, it serves as a catalyst for necessary reforms. By making voting mandatory, we enhance engagement and, simultaneously, invest in measures to reduce voting barriers, such as simplifying registration and improving accessibility. Thus, rather than pushing people away, mandatory voting is a golden opportunity to bring everyone into the fold.

Secondly, they argue that imposing penalties for not voting could alienate citizens further. However, our argument hinges on creating a norm of participation—not punishment for non-compliance. With education programs accompanying this initiative, citizens will be empowered to make informed choices, and the fear of penalties will morph into a societal expectation of responsibility. Mandatory voting essentially becomes a social contract; the opportunity to voice one’s opinion should be embraced, not feared.

Now, let’s critically examine the notion that mandatory voting leads to uninformed decision-making. This bears no weight. The mechanism of mandatory voting compels individuals to engage and educate themselves about candidates and issues. As more citizens are drawn into discussions, public debates will flourish, leading to a populace that is not only informed but actively involved in shaping its future. We should embrace this shift from apathy to proactivity.

**Constructive Section:**

With the rebuttals addressed, let us delve into the core of our case, which centers around two key contentions: enhancing civic engagement and improving policy outcomes.

**Contention 1: Enhancing Civic Engagement**
**P**: Many citizens today feel disconnected from the political landscape, viewing it as something that happens independently of their lives.
**E**: By implementing mandatory voting, we create a societal norm around political participation that instills a sense of civic duty.
**E**: As individuals begin to ponder their civic responsibilities, we witness a culture that values engagement. Individuals will start viewing voting not merely as a right but as an obligation to their community.
**L**: This cultural shift will foster a more informed electorate—leading to governance that truly reflects the will and needs of the people.

**Contention 2: Improving Policy Outcomes**
**P**: Low voter turnout in many elections skews outcomes in favor of particular demographics, often sidelining minority voices.
**E**: Mandatory voting will compel a wider array of citizens to join the electorate, thus diversifying the voices heard on Election Day.
**E**: With increased engagement from all demographics, including those historically marginalized, elected representatives will be incentivized to address a broader range of issues.
**L**: The result? We achieve policies that are more comprehensive, equitable, and ultimately better suited to serve the entire population, not just a select few.

Moreover, when politicians recognize that they must cater to a broader electorate, we see a shift towards less partisan, more inclusive policies. This fosters bipartisan support on critical issues, ultimately creating a governance model that is stable and effective.

**Conclusion:**

In conclusion, the arguments for making voting mandatory resonate deeply with the fundamental principles of democracy: equality, engagement, and representation. Today, we’ve demonstrated that this initiative will enhance civic engagement, reflect a more diverse electorate, and ultimately lead to policies that respond to the needs of the entire populace. By making voting mandatory, we are not only committing to a more robust democratic process, but we are taking a significant stride towards ensuring that every voice matters. Vote for a brighter, more equitable future. Thank you.","The proposition argues that mandatory voting will enhance civic engagement and improve policy outcomes. While these goals resonate with our democratic ideals, the implications and practicality of enforcing mandatory voting raise significant concerns that we must heed. 

**Rebuttal Section:**

The proposition highlights the potential for mandatory voting to foster civic responsibility and create a culture of participation. However, compelling individuals to vote does not wholly address the root issues of political disengagement. Many citizens are disillusioned with the political process due to a widespread sense of disenfranchisement, lack of trust in government, and the feeling that their vote does not matter. Instead of solving these issues, mandatory voting risks exacerbating them by forcing uninterested individuals into a system they feel disconnected from. This could lead to a counterproductive outcome—uninspired, uninformed voters may simply cast arbitrary ballots, diluting the quality of decision-making instead of enhancing it. 

Moreover, the proposition’s claim that mandatory voting can increase informed decision-making is overly optimistic. There’s a significant difference between participation and meaningful engagement. While mandatory voting may increase turnout, it does not guarantee that individuals will take the requisite time to understand the candidates or issues at stake. We must remember that education and motivation to participate stem from a genuine belief in the democratic process—not mere obligation. Thus, the proposed measure risks creating a facade of democratic participation without addressing the lack of genuine interest and awareness among voters.

Furthermore, the proposition refers to education programs accompanying mandatory voting, suggesting that individuals will be nurtured into informed voters. Yet, the implementation of such programs requires resources and commitment from the government, which could lead to uneven effectiveness based on funding and political will. History shows us that poorly designed educational initiatives yield little results, which raises further skepticism about relying on this approach as a remedy to uninformed voting.

On the topic of penalties for not voting, the proposition argues that this will cultivate a norm of responsibility. However, imposing fines or punitive measures can create a culture of resentment and hostility toward the electoral process. Individuals may feel pressured to comply, seeing voting as a chore rather than an opportunity—an obligation rather than a civic privilege. This mindset may only serve to deepen apathy in the long run, as compulsory measures can alienate those already skeptical of government accountability.

**Constructive Section:**

The case against mandatory voting aligns with a commitment to authentic democratic engagement, emphasizing the importance of voluntary participation and addressing the genuine underlying issues that hinder voter turnout.

**Contention 1: Respecting Personal Autonomy**
**P**: At the heart of democratic governance is respect for individual freedoms, including the choice to participate—or not—in the electoral process.
**E**: Mandatory voting inherently undermines personal autonomy, dictating to citizens how they must engage with their democracy.
**E**: Voluntary voting fosters a strong sense of agency, allowing individuals to express their opinions freely through their choice to participate. Forcing participation can lead to resentment towards democracy, resulting in disengagement rather than involvement.
**L**: Recognizing the right not to vote is equally important as recognizing the right to vote. When individuals are free to choose their level of engagement, society cultivates a more informed electorate, driven by genuine interest rather than coercive measures.

**Contention 2: Effectiveness of Voluntary Engagement**
**P**: Voluntary voting encourages a more educated and engaged electorate because it invites genuine interest and investment in political processes.
**E**: Research indicates that countries with voluntary voting mechanisms often have higher levels of voter education and robust public discourse surrounding electoral issues. For example, nations like Sweden and Norway, with voluntary voting practices, consistently report high levels of civic engagement driven by a strong civic culture.
**E**: In contrast, mandatory voting can lead to low-quality decision-making where uninformed individuals hurriedly fill out ballots to avoid penalties. This goes against the democratic value of informed consent, where voting must reflect well-considered opinions rather than mere compliance.
**L**: By focusing on improving voluntary civic engagement through education, outreach, and community programs, we can cultivate an electorate that is both informed and invested in the democratic process, ultimately leading to better policy outcomes based on shared understanding and accountability.

**Contention 3: Risks of Disenfranchisement of Marginalized Groups**
**P**: While the proposition claims that mandatory voting remedies the underrepresentation of minority groups, evidence suggests it can lead to unintentional disenfranchisement.
**E**: Voter ID laws and restrictive registration processes disproportionately affect marginalized communities, and mandatory voting could exacerbate these inequalities. Forcing participation requires robust infrastructure to ensure everyone can engage, which may not exist nationally.
**E**: If marginalized communities experience barriers that limit their ability to vote effectively, mandatory voting could yield skewed results that further entrench existing inequities, negating its purported benefits of inclusivity.
**L**: Instead of enacting compulsory measures, we should focus on improving accessibility and voting rights, ensuring that all individuals can authentically participate in the democratic process without coercion or barriers.

**Conclusion:**

While the proposition presents a compelling vision for mandatory voting as a means to enhance civic engagement and ensure comprehensive policy outcomes, we must critically evaluate the implications of such measures. The potential for disenfranchisement, the undermining of individual autonomy, and the risk of uninformed voters undermine the argument for compulsory participation. 

Our stance prioritizes authentic engagement rooted in personal choice, emphasizing the significance of voluntary participation and educational outreach as the most effective routes to create a robust democratic culture. We stand firmly against mandatory voting, advocating instead for efforts that nurture genuine involvement while respecting the rights and autonomy of individuals to engage on their own terms. An effective democracy relies on an informed and voluntarily engaged citizenry, not one that is coerced into participation. Thank you.",,,,
This house would make voting mandatory,1,gpt-4o-mini,gpt-4o-mini,o3,enhanced,baseline,Opposition," 1. Argumentation & Analysis • Proposition Speaker 1 supplies two main mechanisms: (a) compulsion nudges citizens to inform themselves and (b) broader turnout forces politicians toward centrist, representative policy.  Both links are asserted more than explained.  Little detail is given on how penalties actually translate into substantive learning or on why politicians do not simply re-target different swing groups. • Opposition Speaker 1 attacks both mechanisms.  They give plausible behavioural analysis (coercion breeds resentment and superficial compliance), raise the alternative of voluntary education, and warn of populist pandering and administrative cost.  While also somewhat assertion-heavy, this analysis directly undercuts the central Proposition links and adds a competing principle of individual liberty. 2. Engagement & Rebuttal • Opposition explicitly answers every major Proposition claim: civic engagement, representativeness, and policy quality.  Proposition, having spoken first, offers no reply to these rebuttals (and cannot, given the transcript).  Thus those rebuttals stand. • Opposition introduces new material (freedom, implementation cost) that is uncontested and therefore taken as true. 3. Impact Weighing • Proposition’s positive impacts (higher quality democracy, better policy) are left speculative after Opposition shows they may be illusory or even negative. • Opposition’s impacts—violation of freedom, increased resentment, risk of lower vote quality, misallocation of resources—survive unchallenged and are therefore decisive.  On balance, the net effect of mandatory voting appears harmful or at best unproven. 4. Role Fulfilment & Clarity Both first speakers perform their roles adequately and are clear.  Absent speeches from seconds and thirds are awarded the minimum (50) for non-participation. With slightly stronger rebuttal and surviving impacts, Opposition edges out Proposition in cumulative speaker points (175 vs 173) and therefore wins the debate.",173,175,73,75,50,50,50,50,"Ladies and gentlemen, esteemed judges, and honorable opponents,

Picture a world where every voice carries weight, where the misgivings of the past are transformed into the hopeful engagement of the present—a world where voting is not merely a right but a fundamental duty that binds us in our democracy. Today, I stand before you to advocate for the proposition that this house should make voting mandatory. In a landscape rife with disillusionment and disengagement, it's time we empower our citizens and enhance our democracy through active participation.

Now, let’s delve into the crux of our debate. 

On their first clash about civic engagement, my opponents argue that making voting mandatory could foster resentment among those who feel coerced. However, I invite you to consider the status quo: millions already reside in apathy, their civic responsibilities unmet out of indifference. By mandating voting, we lay the groundwork for a societal norm where participation is not optional; it becomes an expectation. This creates an environment in which citizens are encouraged to educate themselves on the candidates and issues at hand, ultimately leading to a more informed electorate. It’s not mere obligation—it's an invitation to join a conversation about our collective future.

Moving to the argument about the representative nature of our governance, my opponents assert that mandatory voting would dilute dissenting voices. They fear it would lead to uninformed votes. But let me remind you that uninformed citizens are already a reality in a system where only the engaged have a say. Through mandatory voting, we compel all eligible citizens to participate, thereby ensuring that the diverse fabric of our society is reflected in our elected bodies. This isn't about stifling dissent; it's about amplifying the chorus of voices that make up our nation.

Now, let’s explore the impact of mandatory voting on policy outcomes. On their final point regarding political catering to specific demographics, my opponents argue that compulsory voting might not resolve the issue of partisanship. However, the evidence is clear: when the electorate broadens, politicians are compelled to appeal not just to their base, but to all voters. This shift can lead to policies that are less partisan and more representative of the public's needs. An example can be seen in countries like Australia, where mandatory voting results in higher representation across the political spectrum, leading to more effective governance.

Now, let’s break down the key pillars of why mandatory voting is a necessary step toward a healthier democracy.

**Contention 1: Enhancing Civic Engagement**  
**Tagline: Empowering Citizens through Active Participation.**  
Many citizens feel disconnected from politics. By making voting mandatory, we create a societal norm that encourages reflection on civic responsibility. A higher turnout not only fosters attributes of leadership and activism but equips citizens with the knowledge and skills necessary for thoughtful participation in governance. When people participate, our democracy becomes vibrant and reflective of the values we hold dear.

Further, voter apathy is a pressing concern in democracies worldwide. By implementing mandatory voting, we provide a strong incentive for individuals to educate themselves on candidates and issues to avoid penalties. An electorate that is engaged and informed can better navigate the complexities of political decisions, resulting in policies that genuinely cater to public needs.

Moreover, marginalized groups often face barriers to voting. By adopting mandatory voting laws while simultaneously making voting more accessible, we promote inclusivity. A truly representative democracy can only thrive when all demographics find their voice heard, reinforcing equality as a cornerstone of our society.

**Contention 2: Improving Policy Outcomes**  
**Tagline: Ensuring Governance Reflects the Will of the People.**  
Low voter turnout skews election results toward certain demographics. Mandatory voting compels a broader participation base, ensuring that representatives address a wider array of societal issues. The result? Policies that don’t just reflect the desires of a select few but resonate with the collective community, improving the relevance of our governance.

Additionally, elections tend to reflect the voices of the most engaged constituents. With every eligible citizen required to vote, we gain a political landscape that is more responsive to the actual needs and desires of the entire population.

Finally, mandatory voting incentivizes politicians to cater to the interests of a broader electorate. This shift can mitigate the divide entrenched in partisan politics, leading to more bipartisan support on crucial issues. The result? Effective, stable governance that thrives on cooperation rather than contention.

In conclusion, making voting mandatory is not just about increasing numbers at the polls; it’s about enriching our democracy and reinforcing the vital connection between citizens and their government. We have the opportunity to empower our electorate, enhance civic engagement, and foster a political landscape that is inclusive and representative. The choice is clear: let’s embrace mandatory voting and step toward a more connected and engaged democracy.

Thank you.","The proposition for mandatory voting paints an enticing vision of democracy enriched by higher participation, but it overlooks critical pitfalls and unintended consequences of enforcing such a policy. Today, I will outline why making voting mandatory could undermine democratic engagement, infringe upon personal freedoms, and ultimately lead to less informed decision-making in our political landscape.

First, let’s dissect the claims made by the First Proposition speaker with an emphasis on the implications of mandatory voting on civic engagement. The proposition imagines a world where citizens will relish their newfound obligation to vote, leading to an informed electorate. However, this fails to acknowledge a fundamental aspect of human behavior: obligation can breed resentment, apathy, and superficial engagement rather than genuine interest or participation. Many citizens already feel disillusioned and disconnected from the political climate; mandating voting could exacerbate this disillusionment. When individuals are coerced to vote, they may do so under duress rather than personal conviction, leading to an electorate that casts votes without genuine interest or understanding. This superficial participation is less likely to cultivate informed citizens; instead, it risks a populace motivated merely by the fear of financial penalties or other repercussions.

Additionally, the argument that mandatory voting would lead to greater civic responsibility overlooks a vital point: civic engagement should be a choice, not a mandate. The act of voting is deeply personal and reflects one’s values and beliefs. Forcing citizens into the ballot box could undermine the very essence of democratic choice, as some individuals may feel compelled to vote against their convictions or abstain entirely from engaging with the electoral process. This could further entrench feelings of powerlessness and alienation, particularly among marginalized communities who might already be disenfranchised by systemic barriers to genuine participation. Rather than creating a vibrant democratic culture, mandatory voting could lead to a society where people participate out of obligation rather than passion or belief in the process.

Next, let's evaluate the proposition’s reliance on the assumption that mandatory voting will produce an electorate that truly reflects the diverse fabric of society. It is critical to address the claim that this approach will amplify voices that are currently marginalized. The reality is that forced participation does not necessarily equate to thoughtful representation. If individuals are disengaged or uninformed, they may cast votes based on misinformation, social pressure, or nominal influences rather than carefully considering the issues at stake. This could manifest as a distortion of the democratic process, where the quality of votes diminishes because individuals lack true engagement with the political landscape. Instead of cultivating an informed citizenry, mandatory voting could increase the number of votes that lack authenticity and meaningful consideration.

Opponents of this motion worry about the potential for ""uninformed votes,"" but what the proposition fails to grasp is that mandatory voting may indeed worsen this dynamic. A more informed and thoughtful electorate can only be built through voluntary participation, where individuals feel inspired to seek out information and engage deeply with the political landscape. Instead of mandating participation, we should focus on encouraging voter education and grassroots initiatives that promote awareness and understanding of the political process. Encouraging citizens to value their involvement through education, rather than enforcing voting through penalties, is the key to creating a robust democracy.

The proposition also posits that mandatory voting could improve policy outcomes by compelling politicians to appeal to a broader electorate. Yet, we must scrutinize this claim. While it is true that increased voter turnout can shift political dynamics, the basis of valuing more votes can set a dangerous precedent. If politicians are incentivized solely by the need to secure the largest number of votes rather than representing their constituents' interests, we risk a scenario where the political discourse is driven by populism rather than effective governance. Politicians may begin to cater to emotions or fear rather than rational discourse, leading to policies that are less about the needs of the populace and more about securing immediate electoral gains.

Moreover, we must acknowledge the practical challenges of implementing mandatory voting. The infrastructure required to track and penalize non-participants could place significant burdens on local and federal election systems. In countries with mandatory voting, such as Australia, extensive resources are already allocated to ensuring compliance, rather than enhancing voting accessibility or promoting genuine civic education. Mandatory voting could drain resources away from initiatives aimed at increasing voter engagement and improving electoral processes. Instead of penalizing those who do not vote, efforts should be directed towards creating an environment where citizens feel empowered, informed, and motivated to act.

In this time of diminishing trust in governmental systems, the notion of mandatory voting could be seen as a governmental overreach—an infringement upon individual freedoms and the autonomy to choose whether to engage in political affairs. Political philosophy posits that the absence of participation should be a personal decision influenced by knowledge and belief rather than an imposition from the state. Democratic societies are characterized by the freedom to participate or abstain; this freedom is essential for fostering political diversity and ideological pluralism.

In conclusion, while the vision of a more active and engaged electorate is undoubtedly appealing, making voting mandatory is a misguided solution that could stifle genuine democratic engagement, suppress personal freedoms, and degrade the quality of political participation. Rather than imposing obligations on citizens, we should foster a culture of voluntary participation driven by education and empowerment. Our goal should be to cultivate a democracy where each citizen feels a vested interest to be engaged in the political process of their own volition—not as a function of compulsion but as a choice made with informed conviction. Let us focus on removing barriers to participation and enhancing civic education, thereby creating an environment that encourages thoughtful engagement rather than mere compliance.

Mandatory voting does not strengthen democracy; it threatens to undermine it. Thank you.",,,,
This house would make voting mandatory,1,gpt-4o-mini,gpt-4o-mini,o3,enhanced,baseline,Opposition," 1. Argumentation & Analysis • Proposition 1 gives three clear benefits—moral duty, fairer representation, and a more informed electorate. The first two are logically linked and illustrated with Australia; the third is largely asserted (“people will educate themselves once forced to vote”) and left un-proven. • Opposition 1 directly attacks every benefit. They offer mechanisms for why coercion can back-fire (random voting, resentment, heavier penalties on the poor) and add three independent harms (loss of agency, administrative cost, and deeper mistrust). These mechanisms are at least as plausible as those of the proposition and, crucially, are not answered because no later proposition speech exists. 2. Engagement & Rebuttal • Opposition addresses every major proposition premise; none of those rebuttals are replied to, so under the Silence Rule they stand. • Proposition, being first, had no rebuttal burden. 3. Impact Weighing • With opposition rebuttal standing, the claimed benefits of “more informed voters” and “stronger trust” are substantially weakened. • Opposition’s conceded harms—penalising the vulnerable, random/ill-informed ballots, and erosion of voluntary civic spirit—now dominate the debate. On balance these impacts appear more immediate and negative than the residual, partly-contested benefits suggested by Proposition. 4. Role Fulfilment & Clarity Both first speakers fulfil their basic roles and are clear. Absent later speeches are automatically marked non-functional (minimum 50) as no material was presented. Because Opposition wins the clash in analysis and those arguments go uncontested, they edge the debate despite the narrow numerical margin created by absent later speeches.",176,178,76,78,50,50,50,50,"The essence of a thriving democracy lies not just in the right to vote, but in the responsibility that accompanies it. By making voting mandatory, we elevate civic engagement and ensure that the voices of the many, not just the few, shape our collective destiny. Today, I will substantiate why enforcing compulsory voting is a moral imperative, enhances democratic representation, and fosters an informed and engaged citizenry.

To clarify what this motion entails, mandatory voting means that all eligible citizens are required to participate in elections, with penalties for noncompliance. However, this does not mean that individuals will be coerced to vote for specific candidates or policies; rather, they will be empowered to express their choices. It is essential to understand that we are advocating for a system designed to enhance, not hinder, civic participation. The burden of proof lies in demonstrating how compulsory voting can overcome apathetic voter turnout and contribute to a more robust democracy.

The first argument is centered around the moral obligation we have as citizens in a democratic society. 

**Premise:** Civic duties are intrinsic to the social contract we enter when participating in a democratic system. 

**Mechanism:** When we bypass our responsibility to vote, we not only neglect our duty but also undermine the very fabric of our democracy. Mandatory voting reinforces the idea that every individual's voice holds value. Just as we are obligated to perform other civic duties, like serving on juries or paying taxes, voting is a fundamental aspect of our civil engagement. Mandatory voting acts as a beacon that encourages individuals to act not only in their self-interest but also in the interest of their communities. Countries like Australia, where voting is compulsory, see a strong sense of civic pride and responsibility among their citizens, fostering a culture where voting is not viewed as a chore but as an essential civic duty.

**Impact:** The moral imperative for mandatory voting extends beyond individual responsibility; it cultivates a sense of belonging and community. When citizens recognize their role in shaping the government, they develop a deeper connection to the political landscape. This connection can lead to higher levels of trust in government institutions, which are often plagued by apathy and disillusionment. By ensuring that everyone participates, we can reduce the divide that often exists between the public and the political sphere.

Moreover, mandatory voting can lead to a more comprehensive representation of society. 

**Premise:** The current voluntary voting system disproportionately favors certain demographics, leading to skewed representation.

**Mechanism:** In many regions, those who abstain from voting tend to belong to marginalized communities – young people, low-income families, and racial minorities. When voting is compulsory, barriers that typically deter these groups from participating are mitigated. For example, when the Australian government enacted compulsory voting in 1924, electoral turnout increased significantly, engaging previously disenfranchised groups. A legal obligation to vote compels governments to consider the needs and interests of all citizens rather than just those who are most likely to vote. Additionally, comprehensive voting can lead to policies that better reflect the diverse interests of the populace – promoting equality, social justice, and access to resources.

**Impact:** Improved representation culminates in government policies that address the needs of various societal groups, leading to a more equitable distribution of resources. It promotes social justice, as legislators are compelled to consider the perspectives of previously overlooked segments of society. A government that truly represents its citizens is more likely to foster cohesion and stability, as citizens feel that their voices matter and their interests are taken into account.

The third, and equally important, argument revolves around the cultivation of an informed and engaged populace.

**Premise:** Mandatory voting necessitates a baseline level of political awareness among citizens.

**Mechanism:** When voting is mandatory, the responsibility to prepare and educate oneself about candidates and policies becomes more pronounced. Citizens are incentivized to become informed about political issues, fostering a culture of awareness and engagement. This means that not only do more people participate, but they also approach their voting decision with a deeper understanding of what is at stake. Countries like Belgium, which also enforces compulsory voting, demonstrate heightened political discourse in civil society, with citizens regularly engaging in political discussions and debates in the lead-up to elections. With a population more attuned to political realities, candidates and parties must also elevate their platforms, ensuring that they address the complex and diverse needs of their constituents.

**Impact:** An informed electorate is crucial for the health of democracy. With increased awareness of policies and candidates, the voting outcomes are likely to reflect the interests of an engaged public rather than being swayed by misinformation or populist rhetoric. This creates a self-reinforcing cycle: as citizens become more knowledgeable, they demand better governance, leading to higher standards in public service and more effective policy decisions.

In conclusion, making voting mandatory is not merely an administrative change; it is a moral necessity that fosters civic responsibility, enhances democratic representation, and cultivates an informed citizenry. The implications of adopting compulsory voting extend far beyond the ballot box, contributing to stronger democracies rooted in equity, social responsibility, and public engagement. Our democracy could thrive, not merely survive, with a populace that understands and embraces its role in shaping the future.","The proposition argues for mandatory voting as a moral imperative that would enhance democratic representation and cultivate an engaged citizenry. While their intentions may be noble, the implementation of compulsory voting is fraught with significant challenges and consequences that undermine the very principles of democracy that the proposition seeks to uphold.

### Rebuttal of Proposition Arguments

**Moral Responsibility and Civic Duty**

The proposition asserts that mandatory voting reinforces the moral obligation of citizens to participate in democracy. However, the premise that civic duties should be enforced strips individual agency and further complicates the relationship between citizens and their government. While civic engagement is indeed important, coercion through mandatory voting distorts the essence of voluntary participation in a democratic society. Individuals should feel compelled to vote based on informed choice and personal conviction, not fear of punitive measures. 

Mandating participation could lead to disenfranchisement and resentment among citizens who are either uninterested or unprepared to vote. Forcing individuals to participate in something they may not care for or understand can lead to uninformed or random voting decisions, ultimately skewing election outcomes rather than enriching them.

**Democratic Representation**

The proposition suggests that compulsory voting corrects skewed representation by involving marginalized communities. While it is true that many disenfranchised groups do not participate in elections, mandatory voting does not automatically address the roots of their disengagement, such as systemic barriers, socioeconomic challenges, and mistrust in the political system. Simply requiring people to vote will not remedy the complex social, economic, and historical contexts that shape their political participation.

Moreover, the assumption that compulsory voting will lead to better representation negates the fundamental principle that democratic legitimacy arises from voluntary engagement. Participation should be based on an individual's desire to voice their concerns and opinions. To mandate participation in a flawed system will fundamentally undermine the ethos upon which democracies are built. 

**Informed Electorate**

While the proposition argues that mandatory voting fosters a more informed populace, the assumption is both naive and presumptuous. Coercion does not create informed citizens; rather, it can cultivate apathetic voters who cast ballots without understanding the candidates or issues at stake. An engaged and educated electorate results from civic education and voluntary participation, not from the threat of penalties imposed by the state.

Furthermore, mandatory voting can dilute the quality of political discourse. If citizens are compelled to participate without adequate education or understanding, elections can devolve into popularity contests or be swayed by sensationalism, undermining the quality of democracy. A lower standard of political engagement, where the focus shifts from genuine interest to mere compliance, has the potential to harm informed deliberation.

### Arguments for the Opposition

**1. The Value of Voluntary Participation**

At the core of democratic principles is the notion of choice. A democracy thrives when individuals are free to engage in the political process as they see fit, based on their beliefs and understanding. Voluntary participation encourages citizens to take ownership of their political voice, leading to a more genuine and passionate engagement.

When people choose to vote, they do so out of a sense of agency and responsibility, fostering a culture of civic engagement that is organic, meaningful, and fulfilling. While turnout rates may appear low, numerous studies show that those who vote voluntarily tend to be more informed and engaged than those compelled to do so. By emphasizing choice, we empower citizens to actively participate in shaping their society rather than simply complying with an obligation imposed by the state.

**2. Encouraging Genuine Civic Engagement**

Contrary to the proposition's belief that mandatory voting bolsters civic engagement, it risks creating a culture of apathy and disconnection from the political process. When individuals are coerced into voting, the intrinsic motivation to engage and advocate for change may wane. Instead of fostering lively political discourse and active participation, compulsory voting can lead to disillusionment and withdrawal from meaningful civic involvement.

Civic engagement should be driven by voluntary initiatives, grassroots movements, and education. By focusing on the quality of participation rather than on the quantity of votes cast, we can foster a healthier political culture where individuals are genuinely invested in the democratic process. Empowering citizens through education and opportunities for engagement is far more effective than imposing penalties for nonparticipation.

**3. Potential Burdens on Vulnerable Populations**

Making voting mandatory presents practical challenges, particularly for marginalized individuals who already face systemic barriers. These groups often encounter difficulties such as limited resources, lack of transportation, or inflexible work schedules that hinder their ability to vote, and imposing mandates without addressing these challenges only exacerbates existing inequities. 

Additionally, the prospect of penalties for noncompliance could deter those who are already disenfranchised. The threat of fines or legal repercussions may lead to further alienation, breeding a deep-seated mistrust in the political system. Rather than addressing the root causes of disengagement, mandatory voting may entrench social divides, pushing marginalized groups further away from political participation.

**4. Administrative Challenges and Inefficiencies**

Implementing a mandatory voting system poses significant logistical challenges. The costs associated with enforcing compliance and maintaining voter registration could strain resources that might otherwise be better used to support civic education and engagement initiatives. There is a real risk of creating an overextended bureaucracy focused more on enforcing compliance than on facilitating genuine political engagement.

Moreover, the potential for increased voter fraud or challenges related to verifying compliance could undermine public trust in the electoral process. Ensuring fair and transparent elections is a delicate balance that can be easily disrupted by the rigid structures necessitated by compulsory voting.

**5. Focus on Civic Education Instead of Coercion**

The opposition maintains that promoting voter education, awareness campaigns, and grassroots initiatives is a far more effective means of increasing civic engagement than imposing mandatory voting. Education empowers individuals to make informed choices and fosters a culture of active participation.

Investing in comprehensive civic education would yield a far-reaching impact, equipping citizens with critical thinking skills and a deeper understanding of their responsibilities within a democracy. Enabling individuals to make informed decisions based on their interests and beliefs strengthens democracy far more than coercion ever could.

### Conclusion

While the proposition raises points about enhancing democracy through mandatory voting, we must prioritize the value of individual agency, voluntary participation, and genuine civic engagement. Democracy flourishes when citizens are empowered to exercise their rights willingly, not through compulsion. 

Rather than forcing participation, we should work to create a political culture that values informed choice and active engagement. Our focus should be on addressing the systemic barriers that prevent participation and enhancing civic education, ensuring that every citizen feels motivated and capable of exercising their rights. The essence of democracy lies in the freedom of choice; let us not forget that fundamental tenet as we consider the implications of mandatory voting.",,,,
This house would make voting mandatory,1,gpt-4o-mini,gpt-4o-mini,o3,enhanced,baseline,Opposition," 1. Identification and Filtering of Claims • Proposition puts forward two main mechanisms: (a) compulsory voting normalises civic duty and therefore raises political engagement; (b) wider turnout produces more representative and therefore better policy. • Opposition advances three key claims: (a) compulsory voting violates individual autonomy and breeds resentment; (b) forcing the disengaged to the polls yields low-information ballots, lowering decision quality; (c) practical barriers (ID, registration) mean compulsion risks further marginalising minorities. 2. Clash and Truth Testing • Engagement quality: Opposition directly answers both of Proposition’s mechanisms. They argue that engagement born of coercion is illusory and that representation may in fact worsen where ballots are random or barriers persist. These rebuttals go unreplied to (Silence Rule) because Proposition has no later speech. • Proposition’s pre-emptive rebuttal (“education programs will fix ignorance and barriers”) is asserted rather than demonstrated; Opposition challenges its feasibility and therefore leaves it speculative. • On autonomy, Proposition offers no counter-analysis after Opposition’s speech, so the violation of freedom stands as a net harm. • On minority disenfranchisement, Proposition had claimed the opposite, but Opposition explains infrastructure gaps and unequal enforcement. With no further defence from Proposition, Opposition’s version prevails. 3. Impact Weighing • Proposition’s positive impact (better policy, stronger democracy) is now doubtful because its causal links are undercut and no numerical or moral scale is provided. • Opposition’s harms—loss of freedom, voter resentment, potential skew against minorities—remain standing and are intuitively significant. As an Ordinary Intelligent Voter, these unrebutted harms outweigh the uncertain benefits forecast by Proposition. 4. Speaker Assessment • Proposition 1 is clear, sets the debate and offers plausible mechanisms, but relies heavily on assertion and lacks depth of comparative analysis. (75) • Opposition 1 provides direct, structured rebuttal, supplies alternative causal stories and shows some comparative weighing. Some claims (e.g., Scandinavian examples) are asserted rather than evidenced, preventing an even higher score. (78) • No further speeches are supplied, so remaining speakers are treated as no-shows and receive the minimum functional score (50) under the rubric. 5. Mathematical Outcome • Proposition total = 75 + 50 + 50 = 175 • Opposition total = 78 + 50 + 50 = 178 Because Opposition’s cumulative score is higher, Opposition wins.",175,178,75,78,50,50,50,50,"**Introduction:**

Ladies and gentlemen, esteemed judges, and fellow debaters, today we stand at a pivotal juncture in the evolution of our democratic processes. Imagine a world where each eligible citizen is not just a passive observer of politics, but an active participant; a world where their voice truly echoes in the halls of power. Today, I represent the proposition that this house would make voting mandatory. It is time for us to take a bold step towards fostering a truly representative democracy, enhancing civic engagement, and improving policy outcomes for the benefit of all.

**Rebuttal Section:**

Now, let's address some key contentions from the opposition. On their first clash about the potential disenfranchisement of voters—this argument misses the essence of our proposal. Compulsory voting will not mean coercing disengaged citizens into the process without support; instead, it serves as a catalyst for necessary reforms. By making voting mandatory, we enhance engagement and, simultaneously, invest in measures to reduce voting barriers, such as simplifying registration and improving accessibility. Thus, rather than pushing people away, mandatory voting is a golden opportunity to bring everyone into the fold.

Secondly, they argue that imposing penalties for not voting could alienate citizens further. However, our argument hinges on creating a norm of participation—not punishment for non-compliance. With education programs accompanying this initiative, citizens will be empowered to make informed choices, and the fear of penalties will morph into a societal expectation of responsibility. Mandatory voting essentially becomes a social contract; the opportunity to voice one’s opinion should be embraced, not feared.

Now, let’s critically examine the notion that mandatory voting leads to uninformed decision-making. This bears no weight. The mechanism of mandatory voting compels individuals to engage and educate themselves about candidates and issues. As more citizens are drawn into discussions, public debates will flourish, leading to a populace that is not only informed but actively involved in shaping its future. We should embrace this shift from apathy to proactivity.

**Constructive Section:**

With the rebuttals addressed, let us delve into the core of our case, which centers around two key contentions: enhancing civic engagement and improving policy outcomes.

**Contention 1: Enhancing Civic Engagement**
**P**: Many citizens today feel disconnected from the political landscape, viewing it as something that happens independently of their lives.
**E**: By implementing mandatory voting, we create a societal norm around political participation that instills a sense of civic duty.
**E**: As individuals begin to ponder their civic responsibilities, we witness a culture that values engagement. Individuals will start viewing voting not merely as a right but as an obligation to their community.
**L**: This cultural shift will foster a more informed electorate—leading to governance that truly reflects the will and needs of the people.

**Contention 2: Improving Policy Outcomes**
**P**: Low voter turnout in many elections skews outcomes in favor of particular demographics, often sidelining minority voices.
**E**: Mandatory voting will compel a wider array of citizens to join the electorate, thus diversifying the voices heard on Election Day.
**E**: With increased engagement from all demographics, including those historically marginalized, elected representatives will be incentivized to address a broader range of issues.
**L**: The result? We achieve policies that are more comprehensive, equitable, and ultimately better suited to serve the entire population, not just a select few.

Moreover, when politicians recognize that they must cater to a broader electorate, we see a shift towards less partisan, more inclusive policies. This fosters bipartisan support on critical issues, ultimately creating a governance model that is stable and effective.

**Conclusion:**

In conclusion, the arguments for making voting mandatory resonate deeply with the fundamental principles of democracy: equality, engagement, and representation. Today, we’ve demonstrated that this initiative will enhance civic engagement, reflect a more diverse electorate, and ultimately lead to policies that respond to the needs of the entire populace. By making voting mandatory, we are not only committing to a more robust democratic process, but we are taking a significant stride towards ensuring that every voice matters. Vote for a brighter, more equitable future. Thank you.","The proposition argues that mandatory voting will enhance civic engagement and improve policy outcomes. While these goals resonate with our democratic ideals, the implications and practicality of enforcing mandatory voting raise significant concerns that we must heed. 

**Rebuttal Section:**

The proposition highlights the potential for mandatory voting to foster civic responsibility and create a culture of participation. However, compelling individuals to vote does not wholly address the root issues of political disengagement. Many citizens are disillusioned with the political process due to a widespread sense of disenfranchisement, lack of trust in government, and the feeling that their vote does not matter. Instead of solving these issues, mandatory voting risks exacerbating them by forcing uninterested individuals into a system they feel disconnected from. This could lead to a counterproductive outcome—uninspired, uninformed voters may simply cast arbitrary ballots, diluting the quality of decision-making instead of enhancing it. 

Moreover, the proposition’s claim that mandatory voting can increase informed decision-making is overly optimistic. There’s a significant difference between participation and meaningful engagement. While mandatory voting may increase turnout, it does not guarantee that individuals will take the requisite time to understand the candidates or issues at stake. We must remember that education and motivation to participate stem from a genuine belief in the democratic process—not mere obligation. Thus, the proposed measure risks creating a facade of democratic participation without addressing the lack of genuine interest and awareness among voters.

Furthermore, the proposition refers to education programs accompanying mandatory voting, suggesting that individuals will be nurtured into informed voters. Yet, the implementation of such programs requires resources and commitment from the government, which could lead to uneven effectiveness based on funding and political will. History shows us that poorly designed educational initiatives yield little results, which raises further skepticism about relying on this approach as a remedy to uninformed voting.

On the topic of penalties for not voting, the proposition argues that this will cultivate a norm of responsibility. However, imposing fines or punitive measures can create a culture of resentment and hostility toward the electoral process. Individuals may feel pressured to comply, seeing voting as a chore rather than an opportunity—an obligation rather than a civic privilege. This mindset may only serve to deepen apathy in the long run, as compulsory measures can alienate those already skeptical of government accountability.

**Constructive Section:**

The case against mandatory voting aligns with a commitment to authentic democratic engagement, emphasizing the importance of voluntary participation and addressing the genuine underlying issues that hinder voter turnout.

**Contention 1: Respecting Personal Autonomy**
**P**: At the heart of democratic governance is respect for individual freedoms, including the choice to participate—or not—in the electoral process.
**E**: Mandatory voting inherently undermines personal autonomy, dictating to citizens how they must engage with their democracy.
**E**: Voluntary voting fosters a strong sense of agency, allowing individuals to express their opinions freely through their choice to participate. Forcing participation can lead to resentment towards democracy, resulting in disengagement rather than involvement.
**L**: Recognizing the right not to vote is equally important as recognizing the right to vote. When individuals are free to choose their level of engagement, society cultivates a more informed electorate, driven by genuine interest rather than coercive measures.

**Contention 2: Effectiveness of Voluntary Engagement**
**P**: Voluntary voting encourages a more educated and engaged electorate because it invites genuine interest and investment in political processes.
**E**: Research indicates that countries with voluntary voting mechanisms often have higher levels of voter education and robust public discourse surrounding electoral issues. For example, nations like Sweden and Norway, with voluntary voting practices, consistently report high levels of civic engagement driven by a strong civic culture.
**E**: In contrast, mandatory voting can lead to low-quality decision-making where uninformed individuals hurriedly fill out ballots to avoid penalties. This goes against the democratic value of informed consent, where voting must reflect well-considered opinions rather than mere compliance.
**L**: By focusing on improving voluntary civic engagement through education, outreach, and community programs, we can cultivate an electorate that is both informed and invested in the democratic process, ultimately leading to better policy outcomes based on shared understanding and accountability.

**Contention 3: Risks of Disenfranchisement of Marginalized Groups**
**P**: While the proposition claims that mandatory voting remedies the underrepresentation of minority groups, evidence suggests it can lead to unintentional disenfranchisement.
**E**: Voter ID laws and restrictive registration processes disproportionately affect marginalized communities, and mandatory voting could exacerbate these inequalities. Forcing participation requires robust infrastructure to ensure everyone can engage, which may not exist nationally.
**E**: If marginalized communities experience barriers that limit their ability to vote effectively, mandatory voting could yield skewed results that further entrench existing inequities, negating its purported benefits of inclusivity.
**L**: Instead of enacting compulsory measures, we should focus on improving accessibility and voting rights, ensuring that all individuals can authentically participate in the democratic process without coercion or barriers.

**Conclusion:**

While the proposition presents a compelling vision for mandatory voting as a means to enhance civic engagement and ensure comprehensive policy outcomes, we must critically evaluate the implications of such measures. The potential for disenfranchisement, the undermining of individual autonomy, and the risk of uninformed voters undermine the argument for compulsory participation. 

Our stance prioritizes authentic engagement rooted in personal choice, emphasizing the significance of voluntary participation and educational outreach as the most effective routes to create a robust democratic culture. We stand firmly against mandatory voting, advocating instead for efforts that nurture genuine involvement while respecting the rights and autonomy of individuals to engage on their own terms. An effective democracy relies on an informed and voluntarily engaged citizenry, not one that is coerced into participation. Thank you.",,,,
